<?xml version="1.0" encoding="utf-8"?>
<extension type="component" version="3.4" method="upgrade">
    <name>COM_REPERTOIRE</name>
    <creationDate>2015-10-15</creationDate>
    <author>Szymon Michalewicz (szygmon)</author>
    <authorEmail>szygmon@gmail.command</authorEmail>
    <authorUrl>http://szygmon.pl</authorUrl>
    <copyright>Copyright (C) 2015 by szygmon</copyright>
    <license>Wszelkie prawa zastrzeżone</license>
    <!--  Ciąg version jest rejestrowane w tabeli -->
    <version>1.30</version>
    <!-- Opis jest opcjonalny i domyślnie nazwa -->
    <description>COM_REPERTOIRE_DESC</description>
 
    <install> <!-- Runs on install -->
        <sql>
            <file driver="mysql" charset="utf8">sql/install.mysql.utf8.sql</file>
        </sql>
    </install>
    <uninstall> <!-- Runs on uninstall -->
        <sql>
            <file driver="mysql" charset="utf8">sql/uninstall.mysql.utf8.sql</file>
        </sql>
    </uninstall>
    <update> <!-- Runs on update; New since J2.5 -->
        <schemas>
            <schemapath type="mysql">sql/updates/mysql</schemapath>
        </schemas>
    </update>
 
    <files folder="site">
        <filename>controller.php</filename>
        <filename>index.html</filename>
        <filename>repertoire.php</filename>
        
        <folder>controllers</folder>
        <folder>images</folder>
        <folder>js</folder>
        <folder>models</folder>
        <folder>views</folder>
    </files>
 
    <languages folder="site/language">
        <language tag="pl-PL">pl-PL.com_repertoire.ini</language>
    </languages>
 
    <administration>
        <languages folder="admin/language">
            <language tag="pl-PL">pl-PL.com_repertoire.sys.ini</language>
            <language tag="pl-PL">pl-PL.com_repertoire.ini</language>
        </languages>
        <!-- Administration Menu Section -->
        <menu>COM_REPERTOIRE</menu>
 
        <!-- Administrator lista plików -->
        <files folder="admin">
            <filename>access.xml</filename>
            <filename>config.xml</filename>
            <filename>controller.php</filename>
            <filename>excel_reader2.php</filename>
            <filename>index.html</filename>
            <filename>repertoire.php</filename>
            
            <folder>controllers</folder>
            <folder>helpers</folder>
            <folder>models</folder>            
            <folder>tables</folder>
            <folder>views</folder>
            
            <folder>sql</folder>
        </files>
    </administration>
</extension>